<?xml version="1.0" encoding="utf-8"?>
<search>
  
  
    
    <entry>
      <title><![CDATA[Java List与数组之间的转换]]></title>
      <url>http://eh3.oschina.io/2016/07/20/Java-List%E4%B8%8E%E6%95%B0%E7%BB%84%E4%B9%8B%E9%97%B4%E7%9A%84%E8%BD%AC%E6%8D%A2/</url>
      <content type="html"><![CDATA[<h3 id="1-数组转换为List"><a href="#1-数组转换为List" class="headerlink" title="1. 数组转换为List"></a>1. 数组转换为List</h3><figure class="highlight java"><table><tr><td class="gutter"><pre><div class="line">1</div><div class="line">2</div></pre></td><td class="code"><pre><div class="line">String[] arr = <span class="keyword">new</span> String[] &#123;<span class="string">"str1"</span>, <span class="string">"str2"</span>&#125;;</div><div class="line">List&lt;String&gt; list = Arrays.asList(arr);</div></pre></td></tr></table></figure>
<a id="more"></a>
<h3 id="2-List转换为数组"><a href="#2-List转换为数组" class="headerlink" title="2 .List转换为数组"></a>2 .List转换为数组</h3><figure class="highlight java"><table><tr><td class="gutter"><pre><div class="line">1</div><div class="line">2</div><div class="line">3</div><div class="line">4</div><div class="line">5</div></pre></td><td class="code"><pre><div class="line">List&lt;String&gt; list = <span class="keyword">new</span> ArrayList&lt;String&gt;();</div><div class="line">list.add(<span class="string">"str1"</span>);</div><div class="line">list.add(<span class="string">"str2"</span>);</div><div class="line"><span class="keyword">int</span> size = list.size();</div><div class="line">String[] arr = list.toArray(<span class="keyword">new</span> String[size]);</div></pre></td></tr></table></figure>]]></content>
    </entry>
    
    <entry>
      <title><![CDATA[MySQL日期函数]]></title>
      <url>http://eh3.oschina.io/2016/07/20/MySQL%E6%97%A5%E6%9C%9F%E5%87%BD%E6%95%B0/</url>
      <content type="html"><![CDATA[<h4 id="1-取得当天："><a href="#1-取得当天：" class="headerlink" title="1. 取得当天："></a>1. 取得当天：</h4><figure class="highlight"><table><tr><td class="gutter"><pre><div class="line">1</div><div class="line">2</div><div class="line">3</div><div class="line">4</div><div class="line">5</div><div class="line">6</div></pre></td><td class="code"><pre><div class="line">mysql&gt; SELECT curdate();</div><div class="line">+------------+</div><div class="line">| curdate()  |</div><div class="line">+------------+</div><div class="line">| 2013-07-29 |</div><div class="line">+------------+</div></pre></td></tr></table></figure>
<h4 id="2-取得当前日期："><a href="#2-取得当前日期：" class="headerlink" title="2. 取得当前日期："></a>2. 取得当前日期：</h4><figure class="highlight"><table><tr><td class="gutter"><pre><div class="line">1</div><div class="line">2</div><div class="line">3</div><div class="line">4</div><div class="line">5</div><div class="line">6</div><div class="line">7</div><div class="line">8</div><div class="line">9</div><div class="line">10</div><div class="line">11</div><div class="line">12</div><div class="line">13</div><div class="line">14</div><div class="line">15</div></pre></td><td class="code"><pre><div class="line">mysql&gt; select sysdate();</div><div class="line">+---------------------+</div><div class="line">| sysdate()           |</div><div class="line">+---------------------+</div><div class="line">| 2016-05-30 13:58:17 |</div><div class="line">+---------------------+</div><div class="line">1 row in set</div><div class="line"></div><div class="line">mysql&gt; select now();</div><div class="line">+---------------------+</div><div class="line">| now()               |</div><div class="line">+---------------------+</div><div class="line">| 2016-05-30 13:58:29 |</div><div class="line">+---------------------+</div><div class="line">1 row in set</div></pre></td></tr></table></figure>
<a id="more"></a>
<h4 id="3-取得当前时间："><a href="#3-取得当前时间：" class="headerlink" title="3. 取得当前时间："></a>3. 取得当前时间：</h4><figure class="highlight"><table><tr><td class="gutter"><pre><div class="line">1</div><div class="line">2</div><div class="line">3</div><div class="line">4</div><div class="line">5</div><div class="line">6</div><div class="line">7</div></pre></td><td class="code"><pre><div class="line">mysql&gt; select curtime();</div><div class="line">+-----------+</div><div class="line">| curtime() |</div><div class="line">+-----------+</div><div class="line">| 13:54:31  |</div><div class="line">+-----------+</div><div class="line">1 row in set</div></pre></td></tr></table></figure>
<h4 id="4-取得前一天："><a href="#4-取得前一天：" class="headerlink" title="4. 取得前一天："></a>4. 取得前一天：</h4><figure class="highlight"><table><tr><td class="gutter"><pre><div class="line">1</div><div class="line">2</div><div class="line">3</div><div class="line">4</div><div class="line">5</div><div class="line">6</div></pre></td><td class="code"><pre><div class="line">mysql&gt; select date_sub(curdate(),interval 1 day);</div><div class="line">+------------------------------------+</div><div class="line">| date_sub(curdate(),interval 1 day) |</div><div class="line">+------------------------------------+</div><div class="line">| 2013-07-28                         |</div><div class="line">+------------------------------------+</div></pre></td></tr></table></figure>
<h4 id="5-取得下一天："><a href="#5-取得下一天：" class="headerlink" title="5. 取得下一天："></a>5. 取得下一天：</h4><figure class="highlight"><table><tr><td class="gutter"><pre><div class="line">1</div><div class="line">2</div><div class="line">3</div><div class="line">4</div><div class="line">5</div><div class="line">6</div><div class="line">7</div></pre></td><td class="code"><pre><div class="line">mysql&gt; SELECT DATE_ADD(NOW(),INTERVAL 1 DAY);</div><div class="line">+--------------------------------+</div><div class="line">| DATE_ADD(NOW(),INTERVAL 1 DAY) |</div><div class="line">+--------------------------------+</div><div class="line">| 2016-05-31 14:09:16            |</div><div class="line">+--------------------------------+</div><div class="line">1 row in set</div></pre></td></tr></table></figure>
<p>括号中为当天时间的前一天，如果统计前几天就将括号中的’1’改成相应的天数。如果要算月或年，直接将day改为month或year即可</p>
<h4 id="6-取得前一天的年份："><a href="#6-取得前一天的年份：" class="headerlink" title="6.取得前一天的年份："></a>6.取得前一天的年份：</h4><figure class="highlight"><table><tr><td class="gutter"><pre><div class="line">1</div><div class="line">2</div><div class="line">3</div><div class="line">4</div><div class="line">5</div><div class="line">6</div></pre></td><td class="code"><pre><div class="line">mysql&gt; SELECT YEAR(DATE_SUB(CURDATE(),INTERVAL 1 DAY));</div><div class="line">+------------------------------------------+</div><div class="line">| YEAR(DATE_SUB(CURDATE(),INTERVAL 1 DAY)) |</div><div class="line">+------------------------------------------+</div><div class="line">|                                     2013 |</div><div class="line">+------------------------------------------+</div></pre></td></tr></table></figure>
<h4 id="7-SYSDATE-为：2016-05-30-周一"><a href="#7-SYSDATE-为：2016-05-30-周一" class="headerlink" title="7.SYSDATE()为：2016-05-30 周一"></a>7.SYSDATE()为：2016-05-30 周一</h4><figure class="highlight sql"><table><tr><td class="gutter"><pre><div class="line">1</div><div class="line">2</div><div class="line">3</div><div class="line">4</div><div class="line">5</div><div class="line">6</div></pre></td><td class="code"><pre><div class="line"><span class="keyword">SELECT</span> <span class="keyword">WEEK</span>(<span class="keyword">SYSDATE</span>()); <span class="comment">-- 22</span></div><div class="line"><span class="keyword">SELECT</span> <span class="keyword">WEEKOFYEAR</span>(<span class="keyword">SYSDATE</span>()); <span class="comment">-- 22</span></div><div class="line"><span class="keyword">SELECT</span> <span class="keyword">WEEKDAY</span>(<span class="keyword">SYSDATE</span>()); <span class="comment">-- 0</span></div><div class="line"><span class="keyword">SELECT</span> <span class="keyword">DAY</span>(<span class="keyword">SYSDATE</span>()); <span class="comment">-- 30</span></div><div class="line"><span class="keyword">SELECT</span> <span class="keyword">MONTH</span>(<span class="keyword">SYSDATE</span>()); <span class="comment">-- 5</span></div><div class="line"><span class="keyword">SELECT</span> <span class="keyword">YEAR</span>(<span class="keyword">SYSDATE</span>()); <span class="comment">-- 2016</span></div></pre></td></tr></table></figure>
<h4 id="8-date-sub-函数的例子："><a href="#8-date-sub-函数的例子：" class="headerlink" title="8.date_sub()函数的例子："></a>8.date_sub()函数的例子：</h4><p>今天是2013年5月20日</p>
<figure class="highlight sql"><table><tr><td class="gutter"><pre><div class="line">1</div><div class="line">2</div><div class="line">3</div><div class="line">4</div><div class="line">5</div><div class="line">6</div><div class="line">7</div><div class="line">8</div><div class="line">9</div><div class="line">10</div></pre></td><td class="code"><pre><div class="line">date_sub('2012-05-25', INTERVAL 1 DAY) <span class="comment">-- 表示 2012-05-24</span></div><div class="line">date_sub('2012-05-25', INTERVAL 0 DAY) <span class="comment">-- 表示 2012-05-25</span></div><div class="line">date_sub('2012-05-25', INTERVAL - 1 DAY) <span class="comment">-- 表示 2012-05-26</span></div><div class="line">date_sub('2012-05-31', INTERVAL - 1 DAY) <span class="comment">-- 表示 2012-06-01</span></div><div class="line">date_sub(curdate(), INTERVAL 1 DAY) <span class="comment">-- 表示 2013-05-19</span></div><div class="line">date_sub(curdate(), INTERVAL - 1 DAY) <span class="comment">-- 表示 2013-05-21</span></div><div class="line">date_sub(curdate(), INTERVAL 1 MONTH) <span class="comment">-- 表示 2013-04-20</span></div><div class="line">date_sub(curdate(), INTERVAL - 1 MONTH) <span class="comment">-- 表示 2013-06-20</span></div><div class="line">date_sub(curdate(), INTERVAL 1 YEAR) <span class="comment">-- 表示 2012-05-20</span></div><div class="line">date_sub(curdate(), INTERVAL - 1 YEAR) <span class="comment">-- 表示 2014-05-20</span></div></pre></td></tr></table></figure>
]]></content>
    </entry>
    
    <entry>
      <title><![CDATA[开始blog，哈哈]]></title>
      <url>http://eh3.oschina.io/2016/07/19/%E5%BC%80%E5%A7%8Bblog%EF%BC%8C%E5%93%88%E5%93%88/</url>
      <content type="html"><![CDATA[<figure class="highlight java"><table><tr><td class="gutter"><pre><div class="line">1</div><div class="line">2</div><div class="line">3</div></pre></td><td class="code"><pre><div class="line"><span class="function"><span class="keyword">public</span> <span class="keyword">static</span> <span class="keyword">void</span> <span class="title">main</span><span class="params">(String args[])</span></span>&#123;</div><div class="line">    System.out.println(<span class="string">"hello world"</span>);</div><div class="line">&#125;</div></pre></td></tr></table></figure>
]]></content>
    </entry>
    
  
  
</search>
